property,clip_points_train,clip_points_val,ignore_points_train,ignore_points_val,Tr_Tc_points_train,Tr_Tc_points_val
Sat. Vap. Specific Volume,192.47409246910524,130.3407435117869,143.11985081101244,131.10743783556,602.3143208962572,219.97817835690154
Sat. Liq. Specific Volume,4.428653076465015,7.369370555019115,4.655642288255626,7.587833869429787,4.370552648769561,8.000960142767578
Saturated Pressures,9.693869466326893,70.67199489025981,10.99601896639347,72.3587904606047,178.0099926707113,136.01043377396704
Isochoric Heat Capacity,5.895752594530751,10.045331725968044,6.1681713735712504,10.317695399067475,7.402340087928988,10.86470672927345
