property,clip_points_train,clip_points_val,ignore_points_train,ignore_points_val,Tr_Tc_points_train,Tr_Tc_points_val
Sat. Vap. Specific Volume,10127.57136531999,53206.66426204186,11475.93518359969,40580.59736589585,15581.71078784268,398862.6738719811
Sat. Liq. Specific Volume,4.533594881225097,7.449263064323686,4.7716260577697,7.668597749061592,4.475534082183151,8.072856803606033
Saturated Pressures,10.81346074843878,71.0725801922083,12.090080256345798,72.7168557744817,176.99158182051582,136.01433269888327
Isochoric Heat Capacity,8.369451893507506,12.966982158103937,8.672373621774309,13.203080460815581,9.947070855778454,13.722885863157705
